agent_id,label,label_hz
0,M2_SELF_EVOLUTION,25.0
1,M1_SWARM_EXPANSION,12.5
2,M4_COGNITIVE_STABILIZATION,5.0
3,M4_COGNITIVE_STABILIZATION,5.0
4,M2_SELF_EVOLUTION,25.0
5,M3_EXTERNAL_HARVESTING,8.33
6,M4_COGNITIVE_STABILIZATION,5.0
7,M2_SELF_EVOLUTION,25.0
8,M3_EXTERNAL_HARVESTING,8.33
9,M2_SELF_EVOLUTION,25.0
10,M4_COGNITIVE_STABILIZATION,5.0
11,M3_EXTERNAL_HARVESTING,8.33
12,M3_EXTERNAL_HARVESTING,8.33
13,M4_COGNITIVE_STABILIZATION,5.0
14,M4_COGNITIVE_STABILIZATION,5.0
15,M4_COGNITIVE_STABILIZATION,5.0
16,M2_SELF_EVOLUTION,25.0
17,M2_SELF_EVOLUTION,25.0
18,M4_COGNITIVE_STABILIZATION,5.0
19,M4_COGNITIVE_STABILIZATION,5.0
20,M4_COGNITIVE_STABILIZATION,5.0
21,M3_EXTERNAL_HARVESTING,8.33
22,M2_SELF_EVOLUTION,25.0
23,M2_SELF_EVOLUTION,25.0
24,M2_SELF_EVOLUTION,25.0
25,M4_COGNITIVE_STABILIZATION,5.0
26,M4_COGNITIVE_STABILIZATION,5.0
27,M3_EXTERNAL_HARVESTING,8.33
28,M4_COGNITIVE_STABILIZATION,5.0
29,M1_SWARM_EXPANSION,12.5
30,M1_SWARM_EXPANSION,12.5
31,M2_SELF_EVOLUTION,25.0
32,M2_SELF_EVOLUTION,25.0
33,M2_SELF_EVOLUTION,25.0
34,M4_COGNITIVE_STABILIZATION,5.0
35,M1_SWARM_EXPANSION,12.5
36,M3_EXTERNAL_HARVESTING,8.33
37,M2_SELF_EVOLUTION,25.0
38,M3_EXTERNAL_HARVESTING,8.33
39,M2_SELF_EVOLUTION,25.0
40,M4_COGNITIVE_STABILIZATION,5.0
41,M1_SWARM_EXPANSION,12.5
42,M4_COGNITIVE_STABILIZATION,5.0
43,M4_COGNITIVE_STABILIZATION,5.0
44,M4_COGNITIVE_STABILIZATION,5.0
45,M4_COGNITIVE_STABILIZATION,5.0
46,M1_SWARM_EXPANSION,12.5
47,M4_COGNITIVE_STABILIZATION,5.0
48,M2_SELF_EVOLUTION,25.0
49,M4_COGNITIVE_STABILIZATION,5.0
50,M4_COGNITIVE_STABILIZATION,5.0
51,M4_COGNITIVE_STABILIZATION,5.0
52,M1_SWARM_EXPANSION,12.5
53,M4_COGNITIVE_STABILIZATION,5.0
54,M1_SWARM_EXPANSION,12.5
55,M4_COGNITIVE_STABILIZATION,5.0
56,M1_SWARM_EXPANSION,12.5
57,M3_EXTERNAL_HARVESTING,8.33
58,M1_SWARM_EXPANSION,12.5
59,M4_COGNITIVE_STABILIZATION,5.0
60,M3_EXTERNAL_HARVESTING,8.33
61,M2_SELF_EVOLUTION,25.0
62,M2_SELF_EVOLUTION,25.0
63,M4_COGNITIVE_STABILIZATION,5.0
64,M3_EXTERNAL_HARVESTING,8.33
65,M1_SWARM_EXPANSION,12.5
66,M1_SWARM_EXPANSION,12.5
67,M4_COGNITIVE_STABILIZATION,5.0
68,M2_SELF_EVOLUTION,25.0
69,M3_EXTERNAL_HARVESTING,8.33
70,M4_COGNITIVE_STABILIZATION,5.0
71,M4_COGNITIVE_STABILIZATION,5.0
72,M4_COGNITIVE_STABILIZATION,5.0
73,M4_COGNITIVE_STABILIZATION,5.0
74,M2_SELF_EVOLUTION,25.0
75,M3_EXTERNAL_HARVESTING,8.33
76,M3_EXTERNAL_HARVESTING,8.33
77,M3_EXTERNAL_HARVESTING,8.33
78,M4_COGNITIVE_STABILIZATION,5.0
79,M3_EXTERNAL_HARVESTING,8.33
80,M2_SELF_EVOLUTION,25.0
81,M3_EXTERNAL_HARVESTING,8.33
82,M2_SELF_EVOLUTION,25.0
83,M4_COGNITIVE_STABILIZATION,5.0
84,M4_COGNITIVE_STABILIZATION,5.0
85,M4_COGNITIVE_STABILIZATION,5.0
86,M2_SELF_EVOLUTION,25.0
87,M3_EXTERNAL_HARVESTING,8.33
88,M4_COGNITIVE_STABILIZATION,5.0
89,M3_EXTERNAL_HARVESTING,8.33
90,M2_SELF_EVOLUTION,25.0
91,M3_EXTERNAL_HARVESTING,8.33
92,M2_SELF_EVOLUTION,25.0
93,M2_SELF_EVOLUTION,25.0
94,M4_COGNITIVE_STABILIZATION,5.0
95,M3_EXTERNAL_HARVESTING,8.33
96,M4_COGNITIVE_STABILIZATION,5.0
97,M3_EXTERNAL_HARVESTING,8.33
98,M2_SELF_EVOLUTION,25.0
99,M2_SELF_EVOLUTION,25.0
100,M2_SELF_EVOLUTION,25.0
101,M2_SELF_EVOLUTION,25.0
102,M4_COGNITIVE_STABILIZATION,5.0
103,M3_EXTERNAL_HARVESTING,8.33
104,M3_EXTERNAL_HARVESTING,8.33
105,M3_EXTERNAL_HARVESTING,8.33
106,M1_SWARM_EXPANSION,12.5
107,M1_SWARM_EXPANSION,12.5
108,M1_SWARM_EXPANSION,12.5
109,M1_SWARM_EXPANSION,12.5
110,M1_SWARM_EXPANSION,12.5
111,M1_SWARM_EXPANSION,12.5
112,M2_SELF_EVOLUTION,25.0
113,M4_COGNITIVE_STABILIZATION,5.0
114,M4_COGNITIVE_STABILIZATION,5.0
115,M3_EXTERNAL_HARVESTING,8.33
116,M1_SWARM_EXPANSION,12.5
117,M2_SELF_EVOLUTION,25.0
118,M1_SWARM_EXPANSION,12.5
119,M1_SWARM_EXPANSION,12.5
120,M3_EXTERNAL_HARVESTING,8.33
121,M3_EXTERNAL_HARVESTING,8.33
122,M4_COGNITIVE_STABILIZATION,5.0
123,M4_COGNITIVE_STABILIZATION,5.0
124,M1_SWARM_EXPANSION,12.5
125,M2_SELF_EVOLUTION,25.0
126,M2_SELF_EVOLUTION,25.0
127,M3_EXTERNAL_HARVESTING,8.33
128,M4_COGNITIVE_STABILIZATION,5.0
129,M2_SELF_EVOLUTION,25.0
130,M2_SELF_EVOLUTION,25.0
131,M4_COGNITIVE_STABILIZATION,5.0
132,M4_COGNITIVE_STABILIZATION,5.0
133,M1_SWARM_EXPANSION,12.5
134,M2_SELF_EVOLUTION,25.0
135,M1_SWARM_EXPANSION,12.5
136,M2_SELF_EVOLUTION,25.0
137,M4_COGNITIVE_STABILIZATION,5.0
138,M3_EXTERNAL_HARVESTING,8.33
139,M1_SWARM_EXPANSION,12.5
140,M1_SWARM_EXPANSION,12.5
141,M1_SWARM_EXPANSION,12.5
142,M3_EXTERNAL_HARVESTING,8.33
143,M4_COGNITIVE_STABILIZATION,5.0
144,M1_SWARM_EXPANSION,12.5
145,M2_SELF_EVOLUTION,25.0
146,M1_SWARM_EXPANSION,12.5
147,M2_SELF_EVOLUTION,25.0
148,M3_EXTERNAL_HARVESTING,8.33
149,M4_COGNITIVE_STABILIZATION,5.0
150,M3_EXTERNAL_HARVESTING,8.33
151,M1_SWARM_EXPANSION,12.5
152,M1_SWARM_EXPANSION,12.5
153,M4_COGNITIVE_STABILIZATION,5.0
154,M3_EXTERNAL_HARVESTING,8.33
155,M1_SWARM_EXPANSION,12.5
156,M2_SELF_EVOLUTION,25.0
157,M1_SWARM_EXPANSION,12.5
158,M1_SWARM_EXPANSION,12.5
159,M4_COGNITIVE_STABILIZATION,5.0
160,M1_SWARM_EXPANSION,12.5
161,M2_SELF_EVOLUTION,25.0
162,M1_SWARM_EXPANSION,12.5
163,M1_SWARM_EXPANSION,12.5
164,M2_SELF_EVOLUTION,25.0
165,M2_SELF_EVOLUTION,25.0
166,M2_SELF_EVOLUTION,25.0
167,M3_EXTERNAL_HARVESTING,8.33
168,M4_COGNITIVE_STABILIZATION,5.0
169,M4_COGNITIVE_STABILIZATION,5.0
170,M1_SWARM_EXPANSION,12.5
171,M3_EXTERNAL_HARVESTING,8.33
172,M4_COGNITIVE_STABILIZATION,5.0
173,M4_COGNITIVE_STABILIZATION,5.0
174,M3_EXTERNAL_HARVESTING,8.33
175,M2_SELF_EVOLUTION,25.0
176,M4_COGNITIVE_STABILIZATION,5.0
177,M1_SWARM_EXPANSION,12.5
178,M4_COGNITIVE_STABILIZATION,5.0
179,M1_SWARM_EXPANSION,12.5
180,M4_COGNITIVE_STABILIZATION,5.0
181,M2_SELF_EVOLUTION,25.0
182,M2_SELF_EVOLUTION,25.0
183,M1_SWARM_EXPANSION,12.5
184,M1_SWARM_EXPANSION,12.5
185,M2_SELF_EVOLUTION,25.0
186,M1_SWARM_EXPANSION,12.5
187,M2_SELF_EVOLUTION,25.0
188,M4_COGNITIVE_STABILIZATION,5.0
189,M4_COGNITIVE_STABILIZATION,5.0
190,M1_SWARM_EXPANSION,12.5
191,M2_SELF_EVOLUTION,25.0
192,M2_SELF_EVOLUTION,25.0
193,M1_SWARM_EXPANSION,12.5
194,M3_EXTERNAL_HARVESTING,8.33
195,M1_SWARM_EXPANSION,12.5
196,M4_COGNITIVE_STABILIZATION,5.0
197,M4_COGNITIVE_STABILIZATION,5.0
198,M1_SWARM_EXPANSION,12.5
199,M1_SWARM_EXPANSION,12.5
200,M1_SWARM_EXPANSION,12.5
201,M1_SWARM_EXPANSION,12.5
202,M3_EXTERNAL_HARVESTING,8.33
203,M1_SWARM_EXPANSION,12.5
204,M4_COGNITIVE_STABILIZATION,5.0
205,M1_SWARM_EXPANSION,12.5
206,M2_SELF_EVOLUTION,25.0
207,M4_COGNITIVE_STABILIZATION,5.0
208,M2_SELF_EVOLUTION,25.0
209,M3_EXTERNAL_HARVESTING,8.33
210,M2_SELF_EVOLUTION,25.0
211,M3_EXTERNAL_HARVESTING,8.33
212,M4_COGNITIVE_STABILIZATION,5.0
213,M4_COGNITIVE_STABILIZATION,5.0
214,M1_SWARM_EXPANSION,12.5
215,M3_EXTERNAL_HARVESTING,8.33
216,M3_EXTERNAL_HARVESTING,8.33
217,M4_COGNITIVE_STABILIZATION,5.0
218,M4_COGNITIVE_STABILIZATION,5.0
219,M1_SWARM_EXPANSION,12.5
220,M1_SWARM_EXPANSION,12.5
221,M1_SWARM_EXPANSION,12.5
222,M2_SELF_EVOLUTION,25.0
223,M3_EXTERNAL_HARVESTING,8.33
224,M4_COGNITIVE_STABILIZATION,5.0
225,M3_EXTERNAL_HARVESTING,8.33
226,M4_COGNITIVE_STABILIZATION,5.0
227,M4_COGNITIVE_STABILIZATION,5.0
228,M1_SWARM_EXPANSION,12.5
229,M3_EXTERNAL_HARVESTING,8.33
230,M1_SWARM_EXPANSION,12.5
231,M4_COGNITIVE_STABILIZATION,5.0
232,M3_EXTERNAL_HARVESTING,8.33
233,M4_COGNITIVE_STABILIZATION,5.0
234,M1_SWARM_EXPANSION,12.5
235,M1_SWARM_EXPANSION,12.5
236,M2_SELF_EVOLUTION,25.0
237,M1_SWARM_EXPANSION,12.5
238,M1_SWARM_EXPANSION,12.5
239,M1_SWARM_EXPANSION,12.5
240,M1_SWARM_EXPANSION,12.5
241,M2_SELF_EVOLUTION,25.0
242,M3_EXTERNAL_HARVESTING,8.33
243,M1_SWARM_EXPANSION,12.5
244,M1_SWARM_EXPANSION,12.5
245,M1_SWARM_EXPANSION,12.5
246,M2_SELF_EVOLUTION,25.0
247,M1_SWARM_EXPANSION,12.5
248,M2_SELF_EVOLUTION,25.0
249,M3_EXTERNAL_HARVESTING,8.33
250,M4_COGNITIVE_STABILIZATION,5.0
251,M3_EXTERNAL_HARVESTING,8.33
252,M2_SELF_EVOLUTION,25.0
253,M3_EXTERNAL_HARVESTING,8.33
254,M1_SWARM_EXPANSION,12.5
255,M3_EXTERNAL_HARVESTING,8.33
256,M1_SWARM_EXPANSION,12.5
257,M2_SELF_EVOLUTION,25.0
258,M1_SWARM_EXPANSION,12.5
259,M3_EXTERNAL_HARVESTING,8.33
260,M1_SWARM_EXPANSION,12.5
261,M4_COGNITIVE_STABILIZATION,5.0
262,M3_EXTERNAL_HARVESTING,8.33
263,M1_SWARM_EXPANSION,12.5
264,M4_COGNITIVE_STABILIZATION,5.0
265,M1_SWARM_EXPANSION,12.5
266,M4_COGNITIVE_STABILIZATION,5.0
267,M4_COGNITIVE_STABILIZATION,5.0
268,M2_SELF_EVOLUTION,25.0
269,M4_COGNITIVE_STABILIZATION,5.0
270,M3_EXTERNAL_HARVESTING,8.33
271,M4_COGNITIVE_STABILIZATION,5.0
272,M3_EXTERNAL_HARVESTING,8.33
273,M1_SWARM_EXPANSION,12.5
274,M1_SWARM_EXPANSION,12.5
275,M3_EXTERNAL_HARVESTING,8.33
276,M2_SELF_EVOLUTION,25.0
277,M2_SELF_EVOLUTION,25.0
278,M1_SWARM_EXPANSION,12.5
279,M1_SWARM_EXPANSION,12.5
280,M2_SELF_EVOLUTION,25.0
281,M3_EXTERNAL_HARVESTING,8.33
282,M4_COGNITIVE_STABILIZATION,5.0
283,M3_EXTERNAL_HARVESTING,8.33
284,M2_SELF_EVOLUTION,25.0
285,M2_SELF_EVOLUTION,25.0
286,M1_SWARM_EXPANSION,12.5
287,M3_EXTERNAL_HARVESTING,8.33
288,M3_EXTERNAL_HARVESTING,8.33
289,M3_EXTERNAL_HARVESTING,8.33
290,M3_EXTERNAL_HARVESTING,8.33
291,M4_COGNITIVE_STABILIZATION,5.0
292,M1_SWARM_EXPANSION,12.5
293,M4_COGNITIVE_STABILIZATION,5.0
294,M3_EXTERNAL_HARVESTING,8.33
295,M2_SELF_EVOLUTION,25.0
296,M1_SWARM_EXPANSION,12.5
297,M1_SWARM_EXPANSION,12.5
298,M2_SELF_EVOLUTION,25.0
299,M3_EXTERNAL_HARVESTING,8.33
300,M1_SWARM_EXPANSION,12.5
301,M2_SELF_EVOLUTION,25.0
302,M1_SWARM_EXPANSION,12.5
303,M2_SELF_EVOLUTION,25.0
304,M3_EXTERNAL_HARVESTING,8.33
305,M2_SELF_EVOLUTION,25.0
306,M1_SWARM_EXPANSION,12.5
307,M4_COGNITIVE_STABILIZATION,5.0
308,M1_SWARM_EXPANSION,12.5
309,M2_SELF_EVOLUTION,25.0
310,M4_COGNITIVE_STABILIZATION,5.0
311,M2_SELF_EVOLUTION,25.0
312,M4_COGNITIVE_STABILIZATION,5.0
313,M4_COGNITIVE_STABILIZATION,5.0
314,M3_EXTERNAL_HARVESTING,8.33
315,M3_EXTERNAL_HARVESTING,8.33
316,M2_SELF_EVOLUTION,25.0
317,M2_SELF_EVOLUTION,25.0
318,M3_EXTERNAL_HARVESTING,8.33
319,M2_SELF_EVOLUTION,25.0
320,M3_EXTERNAL_HARVESTING,8.33
321,M1_SWARM_EXPANSION,12.5
322,M3_EXTERNAL_HARVESTING,8.33
323,M1_SWARM_EXPANSION,12.5
324,M3_EXTERNAL_HARVESTING,8.33
325,M1_SWARM_EXPANSION,12.5
326,M1_SWARM_EXPANSION,12.5
327,M2_SELF_EVOLUTION,25.0
328,M3_EXTERNAL_HARVESTING,8.33
329,M1_SWARM_EXPANSION,12.5
330,M3_EXTERNAL_HARVESTING,8.33
331,M4_COGNITIVE_STABILIZATION,5.0
332,M2_SELF_EVOLUTION,25.0
333,M3_EXTERNAL_HARVESTING,8.33
334,M2_SELF_EVOLUTION,25.0
335,M3_EXTERNAL_HARVESTING,8.33
336,M4_COGNITIVE_STABILIZATION,5.0
337,M4_COGNITIVE_STABILIZATION,5.0
338,M2_SELF_EVOLUTION,25.0
339,M4_COGNITIVE_STABILIZATION,5.0
340,M3_EXTERNAL_HARVESTING,8.33
341,M1_SWARM_EXPANSION,12.5
342,M1_SWARM_EXPANSION,12.5
343,M4_COGNITIVE_STABILIZATION,5.0
344,M4_COGNITIVE_STABILIZATION,5.0
345,M1_SWARM_EXPANSION,12.5
346,M4_COGNITIVE_STABILIZATION,5.0
347,M1_SWARM_EXPANSION,12.5
348,M2_SELF_EVOLUTION,25.0
349,M3_EXTERNAL_HARVESTING,8.33
350,M2_SELF_EVOLUTION,25.0
351,M4_COGNITIVE_STABILIZATION,5.0
352,M2_SELF_EVOLUTION,25.0
353,M3_EXTERNAL_HARVESTING,8.33
354,M4_COGNITIVE_STABILIZATION,5.0
355,M1_SWARM_EXPANSION,12.5
356,M4_COGNITIVE_STABILIZATION,5.0
357,M4_COGNITIVE_STABILIZATION,5.0
358,M1_SWARM_EXPANSION,12.5
359,M1_SWARM_EXPANSION,12.5
360,M1_SWARM_EXPANSION,12.5
361,M3_EXTERNAL_HARVESTING,8.33
362,M2_SELF_EVOLUTION,25.0
363,M3_EXTERNAL_HARVESTING,8.33
364,M3_EXTERNAL_HARVESTING,8.33
365,M2_SELF_EVOLUTION,25.0
366,M3_EXTERNAL_HARVESTING,8.33
367,M3_EXTERNAL_HARVESTING,8.33
368,M4_COGNITIVE_STABILIZATION,5.0
369,M2_SELF_EVOLUTION,25.0
370,M3_EXTERNAL_HARVESTING,8.33
371,M1_SWARM_EXPANSION,12.5
372,M2_SELF_EVOLUTION,25.0
373,M4_COGNITIVE_STABILIZATION,5.0
374,M1_SWARM_EXPANSION,12.5
375,M4_COGNITIVE_STABILIZATION,5.0
376,M2_SELF_EVOLUTION,25.0
377,M4_COGNITIVE_STABILIZATION,5.0
378,M1_SWARM_EXPANSION,12.5
379,M4_COGNITIVE_STABILIZATION,5.0
380,M4_COGNITIVE_STABILIZATION,5.0
381,M3_EXTERNAL_HARVESTING,8.33
382,M2_SELF_EVOLUTION,25.0
383,M2_SELF_EVOLUTION,25.0
384,M3_EXTERNAL_HARVESTING,8.33
385,M2_SELF_EVOLUTION,25.0
386,M4_COGNITIVE_STABILIZATION,5.0
387,M3_EXTERNAL_HARVESTING,8.33
388,M2_SELF_EVOLUTION,25.0
389,M4_COGNITIVE_STABILIZATION,5.0
390,M2_SELF_EVOLUTION,25.0
391,M4_COGNITIVE_STABILIZATION,5.0
392,M2_SELF_EVOLUTION,25.0
393,M4_COGNITIVE_STABILIZATION,5.0
394,M2_SELF_EVOLUTION,25.0
395,M4_COGNITIVE_STABILIZATION,5.0
396,M2_SELF_EVOLUTION,25.0
397,M1_SWARM_EXPANSION,12.5
398,M1_SWARM_EXPANSION,12.5
399,M4_COGNITIVE_STABILIZATION,5.0
400,M4_COGNITIVE_STABILIZATION,5.0
401,M4_COGNITIVE_STABILIZATION,5.0
402,M2_SELF_EVOLUTION,25.0
403,M2_SELF_EVOLUTION,25.0
404,M2_SELF_EVOLUTION,25.0
405,M2_SELF_EVOLUTION,25.0
406,M3_EXTERNAL_HARVESTING,8.33
407,M4_COGNITIVE_STABILIZATION,5.0
408,M1_SWARM_EXPANSION,12.5
409,M3_EXTERNAL_HARVESTING,8.33
410,M2_SELF_EVOLUTION,25.0
411,M2_SELF_EVOLUTION,25.0
412,M4_COGNITIVE_STABILIZATION,5.0
413,M4_COGNITIVE_STABILIZATION,5.0
414,M2_SELF_EVOLUTION,25.0
415,M3_EXTERNAL_HARVESTING,8.33
416,M4_COGNITIVE_STABILIZATION,5.0
417,M1_SWARM_EXPANSION,12.5
418,M1_SWARM_EXPANSION,12.5
419,M4_COGNITIVE_STABILIZATION,5.0
420,M2_SELF_EVOLUTION,25.0
421,M1_SWARM_EXPANSION,12.5
422,M4_COGNITIVE_STABILIZATION,5.0
423,M1_SWARM_EXPANSION,12.5
424,M1_SWARM_EXPANSION,12.5
425,M3_EXTERNAL_HARVESTING,8.33
426,M1_SWARM_EXPANSION,12.5
427,M3_EXTERNAL_HARVESTING,8.33
428,M4_COGNITIVE_STABILIZATION,5.0
429,M4_COGNITIVE_STABILIZATION,5.0
430,M2_SELF_EVOLUTION,25.0
431,M2_SELF_EVOLUTION,25.0
432,M3_EXTERNAL_HARVESTING,8.33
433,M2_SELF_EVOLUTION,25.0
434,M2_SELF_EVOLUTION,25.0
435,M3_EXTERNAL_HARVESTING,8.33
436,M1_SWARM_EXPANSION,12.5
437,M1_SWARM_EXPANSION,12.5
438,M4_COGNITIVE_STABILIZATION,5.0
439,M3_EXTERNAL_HARVESTING,8.33
440,M1_SWARM_EXPANSION,12.5
441,M4_COGNITIVE_STABILIZATION,5.0
442,M3_EXTERNAL_HARVESTING,8.33
443,M4_COGNITIVE_STABILIZATION,5.0
444,M3_EXTERNAL_HARVESTING,8.33
445,M4_COGNITIVE_STABILIZATION,5.0
446,M2_SELF_EVOLUTION,25.0
447,M2_SELF_EVOLUTION,25.0
448,M2_SELF_EVOLUTION,25.0
449,M1_SWARM_EXPANSION,12.5
450,M2_SELF_EVOLUTION,25.0
451,M3_EXTERNAL_HARVESTING,8.33
452,M3_EXTERNAL_HARVESTING,8.33
453,M3_EXTERNAL_HARVESTING,8.33
454,M1_SWARM_EXPANSION,12.5
455,M4_COGNITIVE_STABILIZATION,5.0
456,M3_EXTERNAL_HARVESTING,8.33
457,M3_EXTERNAL_HARVESTING,8.33
458,M3_EXTERNAL_HARVESTING,8.33
459,M2_SELF_EVOLUTION,25.0
460,M3_EXTERNAL_HARVESTING,8.33
461,M2_SELF_EVOLUTION,25.0
462,M3_EXTERNAL_HARVESTING,8.33
463,M1_SWARM_EXPANSION,12.5
464,M4_COGNITIVE_STABILIZATION,5.0
465,M4_COGNITIVE_STABILIZATION,5.0
466,M3_EXTERNAL_HARVESTING,8.33
467,M3_EXTERNAL_HARVESTING,8.33
468,M1_SWARM_EXPANSION,12.5
469,M3_EXTERNAL_HARVESTING,8.33
470,M4_COGNITIVE_STABILIZATION,5.0
471,M4_COGNITIVE_STABILIZATION,5.0
472,M2_SELF_EVOLUTION,25.0
473,M3_EXTERNAL_HARVESTING,8.33
474,M2_SELF_EVOLUTION,25.0
475,M2_SELF_EVOLUTION,25.0
476,M1_SWARM_EXPANSION,12.5
477,M3_EXTERNAL_HARVESTING,8.33
478,M1_SWARM_EXPANSION,12.5
479,M4_COGNITIVE_STABILIZATION,5.0
480,M2_SELF_EVOLUTION,25.0
481,M3_EXTERNAL_HARVESTING,8.33
482,M3_EXTERNAL_HARVESTING,8.33
483,M2_SELF_EVOLUTION,25.0
484,M3_EXTERNAL_HARVESTING,8.33
485,M2_SELF_EVOLUTION,25.0
486,M4_COGNITIVE_STABILIZATION,5.0
487,M1_SWARM_EXPANSION,12.5
488,M4_COGNITIVE_STABILIZATION,5.0
489,M4_COGNITIVE_STABILIZATION,5.0
490,M1_SWARM_EXPANSION,12.5
491,M2_SELF_EVOLUTION,25.0
492,M3_EXTERNAL_HARVESTING,8.33
493,M1_SWARM_EXPANSION,12.5
494,M4_COGNITIVE_STABILIZATION,5.0
495,M4_COGNITIVE_STABILIZATION,5.0
496,M3_EXTERNAL_HARVESTING,8.33
497,M4_COGNITIVE_STABILIZATION,5.0
498,M2_SELF_EVOLUTION,25.0
499,M1_SWARM_EXPANSION,12.5
500,M4_COGNITIVE_STABILIZATION,5.0
501,M2_SELF_EVOLUTION,25.0
502,M3_EXTERNAL_HARVESTING,8.33
503,M3_EXTERNAL_HARVESTING,8.33
504,M3_EXTERNAL_HARVESTING,8.33
505,M1_SWARM_EXPANSION,12.5
506,M4_COGNITIVE_STABILIZATION,5.0
507,M3_EXTERNAL_HARVESTING,8.33
508,M1_SWARM_EXPANSION,12.5
509,M4_COGNITIVE_STABILIZATION,5.0
510,M3_EXTERNAL_HARVESTING,8.33
511,M2_SELF_EVOLUTION,25.0
512,M4_COGNITIVE_STABILIZATION,5.0
513,M3_EXTERNAL_HARVESTING,8.33
514,M3_EXTERNAL_HARVESTING,8.33
515,M1_SWARM_EXPANSION,12.5
516,M2_SELF_EVOLUTION,25.0
517,M2_SELF_EVOLUTION,25.0
518,M3_EXTERNAL_HARVESTING,8.33
519,M4_COGNITIVE_STABILIZATION,5.0
520,M4_COGNITIVE_STABILIZATION,5.0
521,M3_EXTERNAL_HARVESTING,8.33
522,M4_COGNITIVE_STABILIZATION,5.0
523,M2_SELF_EVOLUTION,25.0
524,M1_SWARM_EXPANSION,12.5
525,M1_SWARM_EXPANSION,12.5
526,M2_SELF_EVOLUTION,25.0
527,M4_COGNITIVE_STABILIZATION,5.0
528,M3_EXTERNAL_HARVESTING,8.33
529,M3_EXTERNAL_HARVESTING,8.33
530,M3_EXTERNAL_HARVESTING,8.33
531,M2_SELF_EVOLUTION,25.0
532,M4_COGNITIVE_STABILIZATION,5.0
533,M3_EXTERNAL_HARVESTING,8.33
534,M3_EXTERNAL_HARVESTING,8.33
535,M3_EXTERNAL_HARVESTING,8.33
536,M1_SWARM_EXPANSION,12.5
537,M4_COGNITIVE_STABILIZATION,5.0
538,M2_SELF_EVOLUTION,25.0
539,M3_EXTERNAL_HARVESTING,8.33
540,M1_SWARM_EXPANSION,12.5
541,M3_EXTERNAL_HARVESTING,8.33
542,M4_COGNITIVE_STABILIZATION,5.0
543,M3_EXTERNAL_HARVESTING,8.33
544,M3_EXTERNAL_HARVESTING,8.33
545,M4_COGNITIVE_STABILIZATION,5.0
546,M1_SWARM_EXPANSION,12.5
547,M4_COGNITIVE_STABILIZATION,5.0
548,M2_SELF_EVOLUTION,25.0
549,M4_COGNITIVE_STABILIZATION,5.0
550,M1_SWARM_EXPANSION,12.5
551,M4_COGNITIVE_STABILIZATION,5.0
552,M1_SWARM_EXPANSION,12.5
553,M2_SELF_EVOLUTION,25.0
554,M4_COGNITIVE_STABILIZATION,5.0
555,M2_SELF_EVOLUTION,25.0
556,M4_COGNITIVE_STABILIZATION,5.0
557,M1_SWARM_EXPANSION,12.5
558,M1_SWARM_EXPANSION,12.5
559,M4_COGNITIVE_STABILIZATION,5.0
560,M4_COGNITIVE_STABILIZATION,5.0
561,M2_SELF_EVOLUTION,25.0
562,M3_EXTERNAL_HARVESTING,8.33
563,M1_SWARM_EXPANSION,12.5
564,M4_COGNITIVE_STABILIZATION,5.0
565,M3_EXTERNAL_HARVESTING,8.33
566,M3_EXTERNAL_HARVESTING,8.33
567,M2_SELF_EVOLUTION,25.0
568,M4_COGNITIVE_STABILIZATION,5.0
569,M2_SELF_EVOLUTION,25.0
570,M1_SWARM_EXPANSION,12.5
571,M3_EXTERNAL_HARVESTING,8.33
572,M4_COGNITIVE_STABILIZATION,5.0
573,M4_COGNITIVE_STABILIZATION,5.0
574,M3_EXTERNAL_HARVESTING,8.33
575,M1_SWARM_EXPANSION,12.5
576,M2_SELF_EVOLUTION,25.0
577,M3_EXTERNAL_HARVESTING,8.33
578,M4_COGNITIVE_STABILIZATION,5.0
579,M1_SWARM_EXPANSION,12.5
580,M2_SELF_EVOLUTION,25.0
581,M1_SWARM_EXPANSION,12.5
582,M1_SWARM_EXPANSION,12.5
583,M4_COGNITIVE_STABILIZATION,5.0
584,M1_SWARM_EXPANSION,12.5
585,M2_SELF_EVOLUTION,25.0
586,M2_SELF_EVOLUTION,25.0
587,M2_SELF_EVOLUTION,25.0
588,M3_EXTERNAL_HARVESTING,8.33
589,M3_EXTERNAL_HARVESTING,8.33
590,M3_EXTERNAL_HARVESTING,8.33
591,M1_SWARM_EXPANSION,12.5
592,M3_EXTERNAL_HARVESTING,8.33
593,M2_SELF_EVOLUTION,25.0
594,M2_SELF_EVOLUTION,25.0
595,M1_SWARM_EXPANSION,12.5
596,M1_SWARM_EXPANSION,12.5
597,M4_COGNITIVE_STABILIZATION,5.0
598,M1_SWARM_EXPANSION,12.5
599,M3_EXTERNAL_HARVESTING,8.33
600,M1_SWARM_EXPANSION,12.5
601,M3_EXTERNAL_HARVESTING,8.33
602,M4_COGNITIVE_STABILIZATION,5.0
603,M4_COGNITIVE_STABILIZATION,5.0
604,M3_EXTERNAL_HARVESTING,8.33
605,M2_SELF_EVOLUTION,25.0
606,M1_SWARM_EXPANSION,12.5
607,M1_SWARM_EXPANSION,12.5
608,M4_COGNITIVE_STABILIZATION,5.0
609,M1_SWARM_EXPANSION,12.5
610,M1_SWARM_EXPANSION,12.5
611,M2_SELF_EVOLUTION,25.0
612,M1_SWARM_EXPANSION,12.5
613,M4_COGNITIVE_STABILIZATION,5.0
614,M2_SELF_EVOLUTION,25.0
615,M4_COGNITIVE_STABILIZATION,5.0
616,M1_SWARM_EXPANSION,12.5
617,M4_COGNITIVE_STABILIZATION,5.0
618,M4_COGNITIVE_STABILIZATION,5.0
619,M3_EXTERNAL_HARVESTING,8.33
620,M1_SWARM_EXPANSION,12.5
621,M4_COGNITIVE_STABILIZATION,5.0
622,M3_EXTERNAL_HARVESTING,8.33
623,M4_COGNITIVE_STABILIZATION,5.0
624,M1_SWARM_EXPANSION,12.5
625,M1_SWARM_EXPANSION,12.5
626,M3_EXTERNAL_HARVESTING,8.33
627,M3_EXTERNAL_HARVESTING,8.33
628,M3_EXTERNAL_HARVESTING,8.33
629,M4_COGNITIVE_STABILIZATION,5.0
630,M1_SWARM_EXPANSION,12.5
631,M4_COGNITIVE_STABILIZATION,5.0
632,M4_COGNITIVE_STABILIZATION,5.0
633,M2_SELF_EVOLUTION,25.0
634,M4_COGNITIVE_STABILIZATION,5.0
635,M4_COGNITIVE_STABILIZATION,5.0
636,M4_COGNITIVE_STABILIZATION,5.0
637,M2_SELF_EVOLUTION,25.0
638,M2_SELF_EVOLUTION,25.0
639,M2_SELF_EVOLUTION,25.0
640,M2_SELF_EVOLUTION,25.0
641,M4_COGNITIVE_STABILIZATION,5.0
642,M4_COGNITIVE_STABILIZATION,5.0
643,M1_SWARM_EXPANSION,12.5
644,M2_SELF_EVOLUTION,25.0
645,M4_COGNITIVE_STABILIZATION,5.0
646,M1_SWARM_EXPANSION,12.5
647,M1_SWARM_EXPANSION,12.5
648,M3_EXTERNAL_HARVESTING,8.33
649,M3_EXTERNAL_HARVESTING,8.33
650,M3_EXTERNAL_HARVESTING,8.33
651,M2_SELF_EVOLUTION,25.0
652,M3_EXTERNAL_HARVESTING,8.33
653,M3_EXTERNAL_HARVESTING,8.33
654,M3_EXTERNAL_HARVESTING,8.33
655,M3_EXTERNAL_HARVESTING,8.33
656,M2_SELF_EVOLUTION,25.0
657,M4_COGNITIVE_STABILIZATION,5.0
658,M3_EXTERNAL_HARVESTING,8.33
659,M1_SWARM_EXPANSION,12.5
660,M2_SELF_EVOLUTION,25.0
661,M3_EXTERNAL_HARVESTING,8.33
662,M1_SWARM_EXPANSION,12.5
663,M3_EXTERNAL_HARVESTING,8.33
664,M3_EXTERNAL_HARVESTING,8.33
665,M4_COGNITIVE_STABILIZATION,5.0
666,M1_SWARM_EXPANSION,12.5
667,M2_SELF_EVOLUTION,25.0
668,M3_EXTERNAL_HARVESTING,8.33
669,M1_SWARM_EXPANSION,12.5
670,M1_SWARM_EXPANSION,12.5
671,M1_SWARM_EXPANSION,12.5
672,M2_SELF_EVOLUTION,25.0
673,M1_SWARM_EXPANSION,12.5
674,M1_SWARM_EXPANSION,12.5
675,M4_COGNITIVE_STABILIZATION,5.0
676,M1_SWARM_EXPANSION,12.5
677,M4_COGNITIVE_STABILIZATION,5.0
678,M2_SELF_EVOLUTION,25.0
679,M3_EXTERNAL_HARVESTING,8.33
680,M4_COGNITIVE_STABILIZATION,5.0
681,M2_SELF_EVOLUTION,25.0
682,M3_EXTERNAL_HARVESTING,8.33
683,M4_COGNITIVE_STABILIZATION,5.0
684,M1_SWARM_EXPANSION,12.5
685,M2_SELF_EVOLUTION,25.0
686,M4_COGNITIVE_STABILIZATION,5.0
687,M4_COGNITIVE_STABILIZATION,5.0
688,M4_COGNITIVE_STABILIZATION,5.0
689,M2_SELF_EVOLUTION,25.0
690,M1_SWARM_EXPANSION,12.5
691,M4_COGNITIVE_STABILIZATION,5.0
692,M3_EXTERNAL_HARVESTING,8.33
693,M3_EXTERNAL_HARVESTING,8.33
694,M2_SELF_EVOLUTION,25.0
695,M2_SELF_EVOLUTION,25.0
696,M4_COGNITIVE_STABILIZATION,5.0
697,M3_EXTERNAL_HARVESTING,8.33
698,M2_SELF_EVOLUTION,25.0
699,M2_SELF_EVOLUTION,25.0
700,M1_SWARM_EXPANSION,12.5
701,M1_SWARM_EXPANSION,12.5
702,M1_SWARM_EXPANSION,12.5
703,M2_SELF_EVOLUTION,25.0
704,M3_EXTERNAL_HARVESTING,8.33
705,M1_SWARM_EXPANSION,12.5
706,M1_SWARM_EXPANSION,12.5
707,M1_SWARM_EXPANSION,12.5
708,M3_EXTERNAL_HARVESTING,8.33
709,M2_SELF_EVOLUTION,25.0
710,M1_SWARM_EXPANSION,12.5
711,M2_SELF_EVOLUTION,25.0
712,M3_EXTERNAL_HARVESTING,8.33
713,M1_SWARM_EXPANSION,12.5
714,M2_SELF_EVOLUTION,25.0
715,M1_SWARM_EXPANSION,12.5
716,M1_SWARM_EXPANSION,12.5
717,M3_EXTERNAL_HARVESTING,8.33
718,M1_SWARM_EXPANSION,12.5
719,M2_SELF_EVOLUTION,25.0
720,M3_EXTERNAL_HARVESTING,8.33
721,M3_EXTERNAL_HARVESTING,8.33
722,M3_EXTERNAL_HARVESTING,8.33
723,M1_SWARM_EXPANSION,12.5
724,M2_SELF_EVOLUTION,25.0
725,M3_EXTERNAL_HARVESTING,8.33
726,M3_EXTERNAL_HARVESTING,8.33
727,M1_SWARM_EXPANSION,12.5
728,M4_COGNITIVE_STABILIZATION,5.0
729,M3_EXTERNAL_HARVESTING,8.33
730,M1_SWARM_EXPANSION,12.5
731,M2_SELF_EVOLUTION,25.0
732,M4_COGNITIVE_STABILIZATION,5.0
733,M1_SWARM_EXPANSION,12.5
734,M2_SELF_EVOLUTION,25.0
735,M3_EXTERNAL_HARVESTING,8.33
736,M1_SWARM_EXPANSION,12.5
737,M3_EXTERNAL_HARVESTING,8.33
738,M1_SWARM_EXPANSION,12.5
739,M3_EXTERNAL_HARVESTING,8.33
740,M1_SWARM_EXPANSION,12.5
741,M2_SELF_EVOLUTION,25.0
742,M1_SWARM_EXPANSION,12.5
743,M4_COGNITIVE_STABILIZATION,5.0
744,M2_SELF_EVOLUTION,25.0
745,M1_SWARM_EXPANSION,12.5
746,M4_COGNITIVE_STABILIZATION,5.0
747,M2_SELF_EVOLUTION,25.0
748,M4_COGNITIVE_STABILIZATION,5.0
749,M1_SWARM_EXPANSION,12.5
750,M1_SWARM_EXPANSION,12.5
751,M2_SELF_EVOLUTION,25.0
752,M2_SELF_EVOLUTION,25.0
753,M3_EXTERNAL_HARVESTING,8.33
754,M1_SWARM_EXPANSION,12.5
755,M1_SWARM_EXPANSION,12.5
756,M2_SELF_EVOLUTION,25.0
757,M1_SWARM_EXPANSION,12.5
758,M3_EXTERNAL_HARVESTING,8.33
759,M4_COGNITIVE_STABILIZATION,5.0
760,M4_COGNITIVE_STABILIZATION,5.0
761,M1_SWARM_EXPANSION,12.5
762,M1_SWARM_EXPANSION,12.5
763,M4_COGNITIVE_STABILIZATION,5.0
764,M1_SWARM_EXPANSION,12.5
765,M3_EXTERNAL_HARVESTING,8.33
766,M1_SWARM_EXPANSION,12.5
767,M3_EXTERNAL_HARVESTING,8.33
768,M2_SELF_EVOLUTION,25.0
769,M2_SELF_EVOLUTION,25.0
770,M2_SELF_EVOLUTION,25.0
771,M3_EXTERNAL_HARVESTING,8.33
772,M3_EXTERNAL_HARVESTING,8.33
773,M4_COGNITIVE_STABILIZATION,5.0
774,M3_EXTERNAL_HARVESTING,8.33
775,M4_COGNITIVE_STABILIZATION,5.0
776,M3_EXTERNAL_HARVESTING,8.33
777,M3_EXTERNAL_HARVESTING,8.33
778,M3_EXTERNAL_HARVESTING,8.33
779,M2_SELF_EVOLUTION,25.0
780,M1_SWARM_EXPANSION,12.5
781,M4_COGNITIVE_STABILIZATION,5.0
782,M4_COGNITIVE_STABILIZATION,5.0
783,M4_COGNITIVE_STABILIZATION,5.0
784,M4_COGNITIVE_STABILIZATION,5.0
785,M1_SWARM_EXPANSION,12.5
786,M3_EXTERNAL_HARVESTING,8.33
787,M1_SWARM_EXPANSION,12.5
788,M4_COGNITIVE_STABILIZATION,5.0
789,M3_EXTERNAL_HARVESTING,8.33
790,M3_EXTERNAL_HARVESTING,8.33
791,M1_SWARM_EXPANSION,12.5
792,M3_EXTERNAL_HARVESTING,8.33
793,M1_SWARM_EXPANSION,12.5
794,M4_COGNITIVE_STABILIZATION,5.0
795,M1_SWARM_EXPANSION,12.5
796,M3_EXTERNAL_HARVESTING,8.33
797,M2_SELF_EVOLUTION,25.0
798,M2_SELF_EVOLUTION,25.0
799,M2_SELF_EVOLUTION,25.0
800,M2_SELF_EVOLUTION,25.0
801,M4_COGNITIVE_STABILIZATION,5.0
802,M2_SELF_EVOLUTION,25.0
803,M2_SELF_EVOLUTION,25.0
804,M3_EXTERNAL_HARVESTING,8.33
805,M2_SELF_EVOLUTION,25.0
806,M1_SWARM_EXPANSION,12.5
807,M3_EXTERNAL_HARVESTING,8.33
808,M1_SWARM_EXPANSION,12.5
809,M4_COGNITIVE_STABILIZATION,5.0
810,M2_SELF_EVOLUTION,25.0
811,M2_SELF_EVOLUTION,25.0
812,M1_SWARM_EXPANSION,12.5
813,M2_SELF_EVOLUTION,25.0
814,M3_EXTERNAL_HARVESTING,8.33
815,M2_SELF_EVOLUTION,25.0
816,M3_EXTERNAL_HARVESTING,8.33
817,M1_SWARM_EXPANSION,12.5
818,M1_SWARM_EXPANSION,12.5
819,M2_SELF_EVOLUTION,25.0
820,M4_COGNITIVE_STABILIZATION,5.0
821,M1_SWARM_EXPANSION,12.5
822,M1_SWARM_EXPANSION,12.5
823,M1_SWARM_EXPANSION,12.5
824,M2_SELF_EVOLUTION,25.0
825,M2_SELF_EVOLUTION,25.0
826,M1_SWARM_EXPANSION,12.5
827,M1_SWARM_EXPANSION,12.5
828,M2_SELF_EVOLUTION,25.0
829,M2_SELF_EVOLUTION,25.0
830,M3_EXTERNAL_HARVESTING,8.33
831,M3_EXTERNAL_HARVESTING,8.33
832,M4_COGNITIVE_STABILIZATION,5.0
833,M2_SELF_EVOLUTION,25.0
834,M1_SWARM_EXPANSION,12.5
835,M4_COGNITIVE_STABILIZATION,5.0
836,M2_SELF_EVOLUTION,25.0
837,M4_COGNITIVE_STABILIZATION,5.0
838,M4_COGNITIVE_STABILIZATION,5.0
839,M1_SWARM_EXPANSION,12.5
840,M1_SWARM_EXPANSION,12.5
841,M1_SWARM_EXPANSION,12.5
842,M3_EXTERNAL_HARVESTING,8.33
843,M3_EXTERNAL_HARVESTING,8.33
844,M2_SELF_EVOLUTION,25.0
845,M1_SWARM_EXPANSION,12.5
846,M2_SELF_EVOLUTION,25.0
847,M3_EXTERNAL_HARVESTING,8.33
848,M1_SWARM_EXPANSION,12.5
849,M4_COGNITIVE_STABILIZATION,5.0
850,M2_SELF_EVOLUTION,25.0
851,M3_EXTERNAL_HARVESTING,8.33
852,M1_SWARM_EXPANSION,12.5
853,M4_COGNITIVE_STABILIZATION,5.0
854,M3_EXTERNAL_HARVESTING,8.33
855,M3_EXTERNAL_HARVESTING,8.33
856,M2_SELF_EVOLUTION,25.0
857,M2_SELF_EVOLUTION,25.0
858,M3_EXTERNAL_HARVESTING,8.33
859,M2_SELF_EVOLUTION,25.0
860,M2_SELF_EVOLUTION,25.0
861,M2_SELF_EVOLUTION,25.0
862,M1_SWARM_EXPANSION,12.5
863,M2_SELF_EVOLUTION,25.0
864,M1_SWARM_EXPANSION,12.5
865,M1_SWARM_EXPANSION,12.5
866,M1_SWARM_EXPANSION,12.5
867,M4_COGNITIVE_STABILIZATION,5.0
868,M3_EXTERNAL_HARVESTING,8.33
869,M3_EXTERNAL_HARVESTING,8.33
870,M3_EXTERNAL_HARVESTING,8.33
871,M3_EXTERNAL_HARVESTING,8.33
872,M1_SWARM_EXPANSION,12.5
873,M3_EXTERNAL_HARVESTING,8.33
874,M4_COGNITIVE_STABILIZATION,5.0
875,M2_SELF_EVOLUTION,25.0
876,M3_EXTERNAL_HARVESTING,8.33
877,M1_SWARM_EXPANSION,12.5
878,M3_EXTERNAL_HARVESTING,8.33
879,M2_SELF_EVOLUTION,25.0
880,M2_SELF_EVOLUTION,25.0
881,M4_COGNITIVE_STABILIZATION,5.0
882,M2_SELF_EVOLUTION,25.0
883,M3_EXTERNAL_HARVESTING,8.33
884,M1_SWARM_EXPANSION,12.5
885,M4_COGNITIVE_STABILIZATION,5.0
886,M1_SWARM_EXPANSION,12.5
887,M4_COGNITIVE_STABILIZATION,5.0
888,M3_EXTERNAL_HARVESTING,8.33
889,M2_SELF_EVOLUTION,25.0
890,M2_SELF_EVOLUTION,25.0
891,M2_SELF_EVOLUTION,25.0
892,M2_SELF_EVOLUTION,25.0
893,M3_EXTERNAL_HARVESTING,8.33
894,M2_SELF_EVOLUTION,25.0
895,M3_EXTERNAL_HARVESTING,8.33
896,M1_SWARM_EXPANSION,12.5
897,M3_EXTERNAL_HARVESTING,8.33
898,M4_COGNITIVE_STABILIZATION,5.0
899,M4_COGNITIVE_STABILIZATION,5.0
900,M3_EXTERNAL_HARVESTING,8.33
901,M4_COGNITIVE_STABILIZATION,5.0
902,M2_SELF_EVOLUTION,25.0
903,M2_SELF_EVOLUTION,25.0
904,M2_SELF_EVOLUTION,25.0
905,M3_EXTERNAL_HARVESTING,8.33
906,M4_COGNITIVE_STABILIZATION,5.0
907,M2_SELF_EVOLUTION,25.0
908,M4_COGNITIVE_STABILIZATION,5.0
909,M1_SWARM_EXPANSION,12.5
910,M2_SELF_EVOLUTION,25.0
911,M1_SWARM_EXPANSION,12.5
912,M2_SELF_EVOLUTION,25.0
913,M1_SWARM_EXPANSION,12.5
914,M3_EXTERNAL_HARVESTING,8.33
915,M3_EXTERNAL_HARVESTING,8.33
916,M2_SELF_EVOLUTION,25.0
917,M4_COGNITIVE_STABILIZATION,5.0
918,M4_COGNITIVE_STABILIZATION,5.0
919,M4_COGNITIVE_STABILIZATION,5.0
920,M1_SWARM_EXPANSION,12.5
921,M4_COGNITIVE_STABILIZATION,5.0
922,M3_EXTERNAL_HARVESTING,8.33
923,M1_SWARM_EXPANSION,12.5
924,M4_COGNITIVE_STABILIZATION,5.0
925,M1_SWARM_EXPANSION,12.5
926,M4_COGNITIVE_STABILIZATION,5.0
927,M1_SWARM_EXPANSION,12.5
928,M3_EXTERNAL_HARVESTING,8.33
929,M1_SWARM_EXPANSION,12.5
930,M2_SELF_EVOLUTION,25.0
931,M4_COGNITIVE_STABILIZATION,5.0
932,M4_COGNITIVE_STABILIZATION,5.0
933,M3_EXTERNAL_HARVESTING,8.33
934,M4_COGNITIVE_STABILIZATION,5.0
935,M1_SWARM_EXPANSION,12.5
936,M3_EXTERNAL_HARVESTING,8.33
937,M2_SELF_EVOLUTION,25.0
938,M2_SELF_EVOLUTION,25.0
939,M3_EXTERNAL_HARVESTING,8.33
940,M4_COGNITIVE_STABILIZATION,5.0
941,M3_EXTERNAL_HARVESTING,8.33
942,M4_COGNITIVE_STABILIZATION,5.0
943,M2_SELF_EVOLUTION,25.0
944,M2_SELF_EVOLUTION,25.0
945,M3_EXTERNAL_HARVESTING,8.33
946,M1_SWARM_EXPANSION,12.5
947,M3_EXTERNAL_HARVESTING,8.33
948,M2_SELF_EVOLUTION,25.0
949,M1_SWARM_EXPANSION,12.5
950,M1_SWARM_EXPANSION,12.5
951,M4_COGNITIVE_STABILIZATION,5.0
952,M3_EXTERNAL_HARVESTING,8.33
953,M2_SELF_EVOLUTION,25.0
954,M4_COGNITIVE_STABILIZATION,5.0
955,M2_SELF_EVOLUTION,25.0
956,M2_SELF_EVOLUTION,25.0
957,M3_EXTERNAL_HARVESTING,8.33
958,M4_COGNITIVE_STABILIZATION,5.0
959,M4_COGNITIVE_STABILIZATION,5.0
960,M1_SWARM_EXPANSION,12.5
961,M4_COGNITIVE_STABILIZATION,5.0
962,M2_SELF_EVOLUTION,25.0
963,M3_EXTERNAL_HARVESTING,8.33
964,M2_SELF_EVOLUTION,25.0
965,M2_SELF_EVOLUTION,25.0
966,M4_COGNITIVE_STABILIZATION,5.0
967,M2_SELF_EVOLUTION,25.0
968,M1_SWARM_EXPANSION,12.5
969,M2_SELF_EVOLUTION,25.0
970,M3_EXTERNAL_HARVESTING,8.33
971,M1_SWARM_EXPANSION,12.5
972,M3_EXTERNAL_HARVESTING,8.33
973,M3_EXTERNAL_HARVESTING,8.33
974,M4_COGNITIVE_STABILIZATION,5.0
975,M4_COGNITIVE_STABILIZATION,5.0
976,M4_COGNITIVE_STABILIZATION,5.0
977,M4_COGNITIVE_STABILIZATION,5.0
978,M3_EXTERNAL_HARVESTING,8.33
979,M2_SELF_EVOLUTION,25.0
980,M2_SELF_EVOLUTION,25.0
981,M2_SELF_EVOLUTION,25.0
982,M4_COGNITIVE_STABILIZATION,5.0
983,M3_EXTERNAL_HARVESTING,8.33
984,M4_COGNITIVE_STABILIZATION,5.0
985,M3_EXTERNAL_HARVESTING,8.33
986,M3_EXTERNAL_HARVESTING,8.33
987,M3_EXTERNAL_HARVESTING,8.33
988,M2_SELF_EVOLUTION,25.0
989,M1_SWARM_EXPANSION,12.5
990,M2_SELF_EVOLUTION,25.0
991,M1_SWARM_EXPANSION,12.5
992,M3_EXTERNAL_HARVESTING,8.33
993,M4_COGNITIVE_STABILIZATION,5.0
994,M3_EXTERNAL_HARVESTING,8.33
995,M4_COGNITIVE_STABILIZATION,5.0
996,M3_EXTERNAL_HARVESTING,8.33
997,M3_EXTERNAL_HARVESTING,8.33
998,M3_EXTERNAL_HARVESTING,8.33
999,M1_SWARM_EXPANSION,12.5
1000,M2_SELF_EVOLUTION,25.0
1001,M3_EXTERNAL_HARVESTING,8.33
1002,M1_SWARM_EXPANSION,12.5
1003,M2_SELF_EVOLUTION,25.0
1004,M3_EXTERNAL_HARVESTING,8.33
1005,M2_SELF_EVOLUTION,25.0
1006,M2_SELF_EVOLUTION,25.0
1007,M4_COGNITIVE_STABILIZATION,5.0
1008,M3_EXTERNAL_HARVESTING,8.33
1009,M2_SELF_EVOLUTION,25.0
1010,M1_SWARM_EXPANSION,12.5
1011,M1_SWARM_EXPANSION,12.5
1012,M2_SELF_EVOLUTION,25.0
1013,M4_COGNITIVE_STABILIZATION,5.0
1014,M4_COGNITIVE_STABILIZATION,5.0
1015,M1_SWARM_EXPANSION,12.5
1016,M2_SELF_EVOLUTION,25.0
1017,M3_EXTERNAL_HARVESTING,8.33
1018,M4_COGNITIVE_STABILIZATION,5.0
1019,M3_EXTERNAL_HARVESTING,8.33
1020,M2_SELF_EVOLUTION,25.0
1021,M1_SWARM_EXPANSION,12.5
1022,M2_SELF_EVOLUTION,25.0
1023,M2_SELF_EVOLUTION,25.0
